,,,,,,,,,,,,,,,,,,,,,,,,,,,,,,,,,,,,,,,,,,,,,,,,,
,,,,,,,,,,,,,,,,,,,,,,,,,,,,,,,,,,,,,,,,,,,,,,,,,
,,,,,,,,,,,,,,,,,,,,,,,,,,,,,,,,,,,,,,,,,,,,,,,,,
,,,,,,,,,,,,,,,,,,,,,,,,,,,,,,,,,,,,,,,,,,,,,,,,,
,,,,,,,,,,,,,,,,,,,,,,,,,,,,,,,,,,,,,,,,,,,,,,,,,
CEO Compensation Survey,,,,,,,,,,,,,,,,,,,,,,,,,,,,,,,,,,,,,,,,,,,,,,,,,
"Prepared for The Seattle Times by Equilar, Inc.",,,,,,,,,,,,,,,,,,,,,,,,,,,,,,,,,,,,,,,,,,,,,,,,,
,,,,,,,,,,,,,,,,,,,,,,,,,,,,,,,,,,,,,,,,,,,,,,,,,
,,,,,,2014 COMPENSATION SUMMARY,,,,,,2014 COMPENSATION DETAILS,,,,,,,,2013 COMPENSATION DETAILS,,,,,,,,RETIREMENT PLANS,,,OTHER,,,,2014 REALIZED COMPENSATION ,,,,,,,,2013 REALIZED COMPENSATION ,,,,,,
Company Name,Ticker,FYE,Executive Name,,Executive Title,CASH PAY,EQUITY PAY,OTHER PAY,TOTAL PAY,CHANGE,,Salary,Bonus,"NEIP
Payouts","Stock
Awards","Option
Awards",Other,Total, ,Salary,Bonus,"NEIP
Payouts","Stock
Awards","Option
Awards",Other,Total, ,"Accumulated
Pension","Deferred
Compensation",,Age,Gender,Notes, ,Salary,Bonus,"NEIP
Payouts",Stock Vested,"Options
Exercised",Other,Total, ,Salary,Bonus,"NEIP
Payouts",Stock Vested,"Options
Exercised",Other,Total
Alaska Air Group,ALK,12/14,Bradley Tilden,,"Chairman, president & CEO"," $1,311,307 "," $1,436,021 "," $199,954 "," $2,947,282 ",1%,," $436,769 ", $-   ," $874,538 "," $975,541 "," $460,480 "," $199,954 "," $2,947,282 ",," $425,000 ", $-   ," $812,900 "," $1,062,879 "," $556,715 "," $62,038 "," $2,919,532 ",," $3,386,480 ", $-   ,,54,M,, ," $436,769 ", $-   ," $874,538 "," $2,468,104 "," $2,115,945 "," $199,954 "," $6,095,310 ",," $425,000 ", $-   ," $812,900 "," $810,318 "," $3,732,766 "," $62,038 "," $5,843,022 "
Alder Biopharmaceuticals,ALDR,12/14,Randall Schatzman,,President & CEO," $684,029 "," $1,487,715 "," $31,478 "," $2,203,222 ",297%,," $420,029 ", $-   ," $264,000 ", $-   ," $1,487,715 "," $31,478 "," $2,203,222 ",," $384,671 ", $-   ," $138,482 ", $-   , $-   ," $31,217 "," $554,370 ",, $-   , $-   ,,60,M,, ," $420,029 ", $-   ," $264,000 ", $-   , $-   ," $31,478 "," $715,507 ",," $384,671 ", $-   ," $138,482 ", $-   , $-   ," $31,217 "," $554,370 "
Amazon.com,AMZN,12/14,Jeff Bezos,,"Chairman, president & CEO"," $81,840 ", $-   ," $1,600,000 "," $1,681,840 ",0%,," $81,840 ", $-   , $-   , $-   , $-   ," $1,600,000 "," $1,681,840 ",," $81,840 ", $-   , $-   , $-   , $-   ," $1,600,000 "," $1,681,840 ",, $-   , $-   ,,51,M,, ," $81,840 ", $-   , $-   , $-   , $-   ," $1,600,000 "," $1,681,840 ",," $81,840 ", $-   , $-   , $-   , $-   ," $1,600,000 "," $1,681,840 "
Ambassadors Group,EPAX,12/14,Philip Livingston,*,CEO," $219,629 "," $1,060,000 "," $21,990 "," $1,301,619 ",n/a,," $193,846 ", $-   ," $25,783 "," $1,060,000 ", $-   ," $21,990 "," $1,301,619 ",, n/a , n/a , n/a , n/a , n/a , n/a , n/a ,, $-   , $-   ,,58,M,"EXECUTIVE NAME: Mr. Livingston became CEO on May 7, 2014.  CHANGE IN PAY: Not calculated because the CEO was not in place for two complete years.", ," $193,846 ", $-   ," $25,783 ", $-   , $-   ," $21,990 "," $241,619 ",, n/a , n/a , n/a , n/a , n/a , n/a , $-   
Anchor Bancorp,ANCB,06/14,Jerald Shaw,,President & CEO," $260,000 ", $-   ," $64,448 "," $324,448 ",0%,," $260,000 ", $-   , $-   , $-   , $-   ," $64,448 "," $324,448 ",," $260,000 ", $-   , $-   , $-   , $-   ," $63,725 "," $323,725 ",, $-   ," $333,688 ",,68,M,, ," $260,000 ", $-   , $-   , $-   , $-   ," $64,448 "," $324,448 ",," $260,000 ", $-   , $-   , $-   , $-   ," $63,725 "," $323,725 "
Avista,AVA,12/14,Scott Morris,,"Chairman, president & CEO"," $2,059,262 "," $1,540,351 "," $238,340 "," $3,837,953 ",33%,," $747,114 "," $191,506 "," $1,120,642 "," $1,540,351 ", $-   ," $238,340 "," $3,837,953 ",," $723,461 ", $-   ," $813,894 "," $1,305,334 ", $-   ," $53,255 "," $2,895,944 ",," $6,685,083 "," $470,244 ",,57,M,, ," $747,114 "," $191,506 "," $1,120,642 "," $1,362,819 "," $183,494 "," $238,340 "," $3,843,915 ",," $723,461 ", $-   ," $813,894 "," $343,625 ", $-   ," $53,255 "," $1,934,235 "
Banner,BANR,12/14,Mark Grescovich,,President & CEO," $1,058,272 "," $569,385 "," $34,915 "," $1,662,572 ",-13%,," $715,000 ", $-   ," $343,272 "," $569,385 ", $-   ," $34,915 "," $1,662,572 ",," $715,000 ", $-   ," $360,131 "," $812,924 ", $-   ," $26,297 "," $1,914,352 ",, $-   , $-   ,,50,M,, ," $715,000 ", $-   ," $343,272 "," $614,754 ", $-   ," $34,915 "," $1,707,941 ",," $715,000 ", $-   ," $360,131 "," $551,932 ", $-   ," $26,297 "," $1,653,360 "
Barrett Business Services,BBSI,12/14,Michael Elich,,President & CEO," $650,000 "," $978,600 "," $10,400 "," $1,639,000 ",-19%,," $650,000 ", $-   , $-   ," $978,600 ", $-   ," $10,400 "," $1,639,000 ",," $500,000 "," $357,500 "," $140,825 "," $1,005,600 ", $-   ," $11,985 "," $2,015,910 ",, $-   , $-   ,,50,M,, ," $650,000 ", $-   , $-   ," $450,975 ", $-   ," $10,400 "," $1,111,375 ",," $500,000 "," $357,500 "," $140,825 "," $212,350 "," $1,943,964 "," $11,985 "," $3,166,624 "
BioLife Solutions,BLFS,12/14,Michael Rice,,President & CEO," $495,000 ", $-   ," $1,739 "," $496,739 ",10%,," $345,000 "," $150,000 ", $-   , $-   , $-   ," $1,739 "," $496,739 ",," $300,000 "," $150,000 ", $-   , $-   , $-   , $-   ," $450,000 ",, $-   , $-   ,,52,M,, ," $345,000 "," $150,000 ", $-   , $-   , $-   ," $1,739 "," $496,739 ",," $300,000 "," $150,000 ", $-   , $-   , $-   , $-   ," $450,000 "
Blount International,BLT,12/14,Joshua Collins,,Chairman & CEO," $1,361,650 "," $847,536 "," $78,376 "," $2,287,562 ",26%,," $565,000 ", $-   ," $796,650 "," $254,249 "," $593,287 "," $78,376 "," $2,287,562 ",," $565,000 ", $-   ," $337,870 "," $254,256 "," $593,281 "," $64,689 "," $1,815,096 ",, $-   ," $789,153 ",,50,M,, ," $565,000 ", $-   ," $796,650 "," $146,832 ", $-   ," $78,376 "," $1,586,858 ",," $565,000 ", $-   ," $337,870 "," $160,389 ", $-   ," $64,689 "," $1,127,948 "
Blucora,BCOR,12/14,Bill Ruckelshaus,,President & CEO," $522,500 "," $1,927,704 "," $11,595 "," $2,461,799 ",-13%,," $475,000 ", $-   ," $47,500 "," $584,972 "," $1,342,732 "," $11,595 "," $2,461,799 ",," $450,000 ", $-   ," $450,450 "," $823,140 "," $1,094,270 "," $10,515 "," $2,828,375 ",, $-   , $-   ,,50,M,, ," $475,000 ", $-   ," $47,500 "," $1,240,988 ", $-   ," $11,595 "," $1,775,083 ",," $450,000 ", $-   ," $450,450 "," $801,013 ", $-   ," $10,515 "," $1,711,978 "
Blue Nile,NILE,12/14,Harvey Kanter,,"Chairman, president & CEO"," $728,674 "," $885,877 "," $5,920 "," $1,620,471 ",-2%,," $728,674 ", $-   , $-   ," $442,558 "," $443,319 "," $5,920 "," $1,620,471 ",," $670,077 ", $-   ," $138,188 "," $391,375 "," $390,767 "," $64,409 "," $1,654,816 ",, $-   , $-   ,,53,M,, ," $728,674 ", $-   , $-   ," $176,805 ", $-   ," $5,920 "," $911,399 ",," $670,077 ", $-   ," $138,188 ", $-   , $-   ," $64,409 "," $872,674 "
Boise Cascade,BCC,12/14,Thomas Carlile,†,CEO," $2,450,000 "," $1,030,516 "," $1,888,558 "," $5,369,074 ",59%,," $850,000 ", $-   ," $1,600,000 "," $1,030,516 ", $-   ," $1,888,558 "," $5,369,074 ",," $807,000 ", $-   ," $1,594,000 "," $439,085 "," $391,482 "," $153,564 "," $3,385,131 ",," $3,814,487 "," $443,260 ",,63,M,"EXECUTIVE NAME: Mr. Carlile left the CEO position on March 6, 2015.", ," $850,000 ", $-   ," $1,600,000 "," $1,050,933 ", $-   ," $1,888,558 "," $5,389,491 ",," $807,000 ", $-   ," $1,594,000 ", $-   , $-   ," $153,564 "," $2,554,564 "
Bsquare,BSQR,12/14,Jerry Chase,*,President & CEO," $487,540 "," $300,224 "," $5,060 "," $792,824 ",n/a,," $325,040 ", $-   ," $162,500 "," $24,900 "," $275,324 "," $5,060 "," $792,824 ",, n/a , n/a , n/a , n/a , n/a , n/a , n/a ,, $-   , $-   ,,55,M,"EXECUTIVE NAME: Mr. Chase became CEO on September 30, 2013.  CHANGE IN PAY: Not calculated because the CEO was not in place for two complete years.", ," $325,040 ", $-   ," $162,500 ", $-   , $-   ," $5,060 "," $492,600 ",, n/a , n/a , n/a , n/a , n/a , n/a , $-   
Cascade Bancorp,CACB,12/14,Terry  Zink,,President & CEO," $1,094,500 "," $495,000 "," $7,792 "," $1,597,292 ",16%,," $550,000 "," $544,500 ", $-   ," $495,000 ", $-   ," $7,792 "," $1,597,292 ",," $550,000 "," $495,000 ", $-   ," $329,998 ", $-   ," $7,562 "," $1,382,560 ",, $-   , $-   ,,63,M,, ," $550,000 "," $544,500 ", $-   , $-   , $-   ," $7,792 "," $1,102,292 ",," $550,000 "," $495,000 ", $-   , $-   , $-   ," $7,562 "," $1,052,562 "
Cascade Microtech,CSCD,12/14,Michael Burger,,President & CEO," $757,116 "," $478,638 "," $8,908 "," $1,244,662 ",10%,," $451,809 ", $-   ," $305,307 "," $144,150 "," $334,488 "," $8,908 "," $1,244,662 ",," $420,318 ", $-   ," $191,653 "," $143,070 "," $363,010 "," $8,876 "," $1,126,927 ",, $-   , $-   ,,56,M,, ," $451,809 ", $-   ," $305,307 "," $293,901 ", $-   ," $8,908 "," $1,059,925 ",," $420,318 ", $-   ," $191,653 ", $-   , $-   ," $8,876 "," $620,847 "
ClearSign Combustion,CLIR,12/14,James Harmon,* ** †,Interim president & CEO," $291,330 "," $20,062 "," $19,013 "," $330,405 ",n/a,," $200,000 "," $91,330 ", $-   , $-   ," $20,062 "," $19,013 "," $330,405 ",, n/a , n/a , n/a , n/a , n/a , n/a , n/a ,, $-   , $-   ,,55,M,"EXECUTIVE NAME: Mr. Harmon became Interim CEO on December 10, 2014 and left the Interim CEO position on February 3, 2015.  CHANGE IN PAY: Not calculated because the CEO was not in place for two complete years.", ," $200,000 "," $91,330 ", $-   , $-   ," $35,750 "," $19,013 "," $346,093 ",, n/a , n/a , n/a , n/a , n/a , n/a , $-   
Clearwater Paper,CLW,12/14,Linda Massman,,President & CEO," $1,399,200 "," $3,011,239 "," $136,106 "," $4,546,545 ",-7%,," $762,500 ", $-   ," $636,700 "," $1,817,989 "," $1,193,250 "," $136,106 "," $4,546,545 ",," $700,000 ", $-   ," $400,800 "," $3,643,186 ", $-   ," $149,721 "," $4,893,707 ",," $307,915 "," $2,891,072 ",,48,F,, ," $762,500 ", $-   ," $636,700 "," $1,366,898 ", $-   ," $136,106 "," $2,902,204 ",," $700,000 ", $-   ," $400,800 "," $127,155 ", $-   ," $149,721 "," $1,377,676 "
Columbia Banking System,COLB,12/14,Melanie Dressel,,President & CEO," $1,112,500 "," $212,170 "," $27,841 "," $1,352,511 ",34%,," $675,000 "," $437,500 ", $-   ," $212,170 ", $-   ," $27,841 "," $1,352,511 ",," $490,332 "," $350,000 ", $-   ," $149,025 ", $-   ," $20,496 "," $1,009,853 ",," $3,093,130 "," $365,415 ",,62,F,, ," $675,000 "," $437,500 ", $-   ," $94,425 ", $-   ," $27,841 "," $1,234,766 ",," $490,332 "," $350,000 ", $-   ," $174,150 ", $-   ," $20,496 "," $1,034,978 "
Columbia Sportswear,COLM,12/14,Timothy Boyle,,President & CEO," $2,425,485 ", $-   ," $24,842 "," $2,450,327 ",43%,," $702,885 ", $-   ," $1,722,600 ", $-   , $-   ," $24,842 "," $2,450,327 ",," $83,981 ", $-   ," $1,602,326 ", $-   , $-   ," $24,625 "," $1,710,932 ",, $-   , $-   ,,65,M,, ," $702,885 ", $-   ," $1,722,600 ", $-   , $-   ," $24,842 "," $2,450,327 ",," $83,981 ", $-   ," $1,602,326 ", $-   , $-   ," $24,625 "," $1,710,932 "
Costco Wholesale,COST,08/14,Craig Jelinek,,President & CEO," $740,400 "," $4,783,200 "," $90,786 "," $5,614,386 ",5%,," $650,000 "," $90,400 ", $-   ," $4,783,200 ", $-   ," $90,786 "," $5,614,386 ",," $650,000 "," $88,800 ", $-   ," $4,527,994 ", $-   ," $89,648 "," $5,356,442 ",, $-   ," $2,979,446 ",,62,M,, ," $650,000 "," $90,400 ", $-   ," $5,327,580 "," $3,286,406 "," $90,786 "," $9,445,172 ",," $650,000 "," $88,800 ", $-   ," $3,940,365 "," $7,940,489 "," $89,648 "," $12,709,302 "
Craft Brew Alliance,BREW,12/14,Andrew Thomas,*,CEO," $625,415 "," $377,288 ", $-   ," $1,002,703 ",n/a,," $394,750 ", $-   ," $230,665 "," $257,282 "," $120,006 ", $-   ," $1,002,703 ",, n/a , n/a , n/a , n/a , n/a , n/a , n/a ,, $-   , $-   ,,47,M,"EXECUTIVE NAME: Mr. Thomas became CEO on January 1, 2014.  CHANGE IN PAY: Not calculated because the CEO was not in place for two complete years.", ," $394,750 ", $-   ," $230,665 "," $60,011 ", $-   , $-   ," $685,426 ",, n/a , n/a , n/a , n/a , n/a , n/a , $-   
Cray,CRAY,12/14,Peter Ungaro,,President & CEO," $763,100 "," $1,375,918 "," $2,625 "," $2,141,643 ",-25%,," $500,000 ", $-   ," $263,100 "," $975,600 "," $400,318 "," $2,625 "," $2,141,643 ",," $475,000 "," $3,250 "," $621,750 "," $1,353,915 "," $414,262 "," $2,187 "," $2,870,364 ",, $-   , $-   ,,46,M,, ," $500,000 ", $-   ," $263,100 "," $2,163,906 ", $-   ," $2,625 "," $2,929,631 ",," $475,000 "," $3,250 "," $621,750 "," $2,978,173 ", $-   ," $2,187 "," $4,080,360 "
CTI BioPharma,CTIC,12/14,James Bianco,,President & CEO," $1,267,500 "," $4,362,470 "," $473,270 "," $6,103,240 ",69%,," $650,000 "," $617,500 ", $-   ," $4,362,470 ", $-   ," $473,270 "," $6,103,240 ",," $650,000 "," $682,500 ", $-   ," $1,216,491 "," $712,350 "," $351,034 "," $3,612,375 ",, $-   , $-   ,,58,M,"STOCK AWARDS: Fiscal years 2014 and 2013 exclude incremental value of $575,099 and $315,272 respectively resulting from the modification of previously granted awards.", ," $650,000 "," $617,500 ", $-   ," $4,982,185 ", $-   ," $473,270 "," $6,722,955 ",," $650,000 "," $682,500 ", $-   ," $725,996 ", $-   ," $351,034 "," $2,409,530 "
CUI Global,CUI,12/14,William Clough,,President & CEO," $754,400 ", $-   ," $19,995 "," $774,395 ",-23%,," $478,400 ", $-   ," $276,000 ", $-   , $-   ," $19,995 "," $774,395 ",," $405,000 ", $-   ," $206,250 ", $-   ," $370,072 "," $18,839 "," $1,000,161 ",, $-   , $-   ,,63,M,, ," $478,400 ", $-   ," $276,000 ", $-   , $-   ," $19,995 "," $774,395 ",," $405,000 ", $-   ," $206,250 ", $-   , $-   ," $18,839 "," $630,089 "
Data I/O,DAIO,12/14,Anthony Ambrose,,President & CEO," $480,376 "," $101,150 "," $16,900 "," $598,426 ",24%,," $310,000 ", $-   ," $170,376 "," $101,150 ", $-   ," $16,900 "," $598,426 ",," $310,000 ", $-   ," $36,704 "," $72,275 ", $-   ," $61,922 "," $480,901 ",, $-   , $-   ,,53,M,, ," $310,000 ", $-   ," $170,376 ", $-   , $-   ," $16,900 "," $497,276 ",," $310,000 ", $-   ," $36,704 ", $-   , $-   ," $61,922 "," $408,626 "
Digimarc,DMRC,12/14,Bruce Davis,,"Chairman, president & CEO"," $537,500 "," $2,789,600 "," $9,100 "," $3,336,200 ",525%,," $537,500 ", $-   , $-   ," $2,789,600 ", $-   ," $9,100 "," $3,336,200 ",," $525,000 ", $-   , $-   , $-   , $-   ," $8,925 "," $533,925 ",, $-   , $-   ,,62,M,, ," $537,500 ", $-   , $-   ," $467,443 "," $1,241,839 "," $9,100 "," $2,255,882 ",," $525,000 ", $-   , $-   ," $342,929 "," $189,863 "," $8,925 "," $1,066,717 "
Electro Scientific Industries,ESIO,03/14,Edward Grady,*,President & CEO," $60,512 "," $187,881 ", $-   ," $248,393 ",n/a,," $60,512 ", $-   , $-   , $-   ," $187,881 ", $-   ," $248,393 ",, n/a , n/a , n/a , n/a , n/a , n/a , n/a ,, $-   ," $478,546 ",,67,M,"EXECUTIVE NAME: Mr. Grady became CEO on February 23, 2014.  CHANGE IN PAY: Not calculated because the CEO was not in place for two complete years.", ," $60,512 ", $-   , $-   , $-   , $-   , $-   ," $60,512 ",, n/a , n/a , n/a , n/a , n/a , n/a , $-   
eMagin,EMAN,12/14,Andrew Sculley,,President & CEO," $410,000 ", $-   , $-   ," $410,000 ",7%,," $410,000 ", $-   , $-   , $-   , $-   , $-   ," $410,000 ",," $384,000 ", $-   , $-   , $-   , $-   , $-   ," $384,000 ",, $-   , $-   ,,64,M,, ," $410,000 ", $-   , $-   , $-   ," $247,391 ", $-   ," $657,391 ",," $384,000 ", $-   , $-   , $-   , $-   , $-   ," $384,000 "
Erickson,EAC,12/14,Udo Rieder,†,President & CEO," $387,789 ", $-   ," $46,154 "," $433,943 ",-33%,," $347,789 "," $40,000 ", $-   , $-   , $-   ," $46,154 "," $433,943 ",," $343,270 "," $120,000 "," $182,350 ", $-   , $-   , $-   ," $645,620 ",, $-   , $-   ,,55,M,"EXECUTIVE NAME: Mr. Rieder left the CEO position on March 31, 2015.", ," $347,789 "," $40,000 ", $-   , $-   , $-   ," $46,154 "," $433,943 ",," $343,270 "," $120,000 "," $182,350 ", $-   , $-   , $-   ," $645,620 "
Esterline,ESL,10/14,Curtis Reusser,,"Chairman, president & CEO"," $2,116,748 "," $5,895,385 "," $27,169 "," $8,039,302 ",n/a,," $764,423 "," $600,000 "," $752,325 "," $4,771,675 "," $1,123,710 "," $27,169 "," $8,039,302 ",, n/a , n/a , n/a , n/a , n/a , n/a , n/a ,," $90,859 "," $16,007 ",,54,M,"EXECUTIVE NAME: Mr. Reusser became CEO on October 28, 2013.  CHANGE IN PAY: Not calculated because the CEO was not in place for two complete years.", ," $764,423 "," $600,000 "," $752,325 "," $2,017,412 ", $-   ," $27,169 "," $4,161,329 ",, n/a , n/a , n/a , n/a , n/a , n/a , $-   
Expedia,EXPE,12/14,Dara Khosrowshahi,,CEO," $4,500,000 "," $5,119,089 "," $23,317 "," $9,642,406 ",29%,," $1,000,000 "," $3,500,000 ", $-   , $-   ," $5,119,089 "," $23,317 "," $9,642,406 ",," $1,000,000 "," $1,500,000 ", $-   , $-   ," $4,395,463 "," $571,578 "," $7,467,041 ",, $-   , $-   ,,45,M,, ," $1,000,000 "," $3,500,000 ", $-   , $-   ," $13,277,782 "," $23,317 "," $17,801,099 ",," $1,000,000 "," $1,500,000 ", $-   ," $2,788,596 "," $773,064 "," $571,578 "," $6,633,238 "
Expeditors International ,EXPD,12/14,Jeffrey Musser,*,President & CEO," $3,581,338 "," $1,497,198 "," $1,500 "," $5,080,036 ",n/a,," $100,000 ", $-   ," $3,481,338 ", $-   ," $1,497,198 "," $1,500 "," $5,080,036 ",, n/a , n/a , n/a , n/a , n/a , n/a , n/a ,, $-   , $-   ,,49,M,"EXECUTIVE NAME: Mr. Musser became CEO on March 1, 2014.  CHANGE IN PAY: Not calculated because the CEO was not in place for two complete years.", ," $100,000 ", $-   ," $3,481,338 ", $-   ," $80,683 "," $1,500 "," $3,663,521 ",, n/a , n/a , n/a , n/a , n/a , n/a , $-   
F5 Networks,FFIV,09/14,John McAdam,,President & CEO," $1,937,535 "," $6,202,098 "," $4,109 "," $8,143,742 ",-1%,," $813,263 ", $-   ," $1,124,272 "," $6,202,098 ", $-   ," $4,109 "," $8,143,742 ",," $813,263 ", $-   ," $897,196 "," $6,526,038 ", $-   ," $16,183 "," $8,252,680 ",, $-   , $-   ,,63,M,, ," $813,263 ", $-   ," $1,124,272 "," $6,860,090 ", $-   ," $4,109 "," $8,801,734 ",," $813,263 ", $-   ," $897,196 "," $7,732,999 ", $-   ," $16,183 "," $9,459,641 "
FEI,FEIC,12/14,Don Kania,,President & CEO," $1,114,120 "," $2,347,359 ", $-   ," $3,461,479 ",-12%,," $698,070 ", $-   ," $416,050 "," $1,259,642 "," $1,087,717 ", $-   ," $3,461,479 ",," $689,997 ", $-   ," $592,477 "," $1,584,898 "," $1,045,806 ", $-   ," $3,913,178 ",, $-   ," $3,673,356 ",,60,M,, ," $698,070 ", $-   ," $416,050 "," $2,445,872 "," $5,415,394 ", $-   ," $8,975,386 ",," $689,997 ", $-   ," $592,477 "," $2,781,344 "," $5,194,596 ", $-   ," $9,258,414 "
First Financial Northwest,FFNW,12/14,Joseph Kiley,,President & CEO," $515,000 "," $208,330 "," $58,010 "," $781,340 ",n/a,," $425,000 "," $90,000 ", $-   , $-   ," $208,330 "," $58,010 "," $781,340 ",, n/a , n/a , n/a , n/a , n/a , n/a , n/a ,," $289,589 ", $-   ,,59,M,"EXECUTIVE NAME: Mr. Kiley became CEO on September 1, 2013.  CHANGE IN PAY: Not calculated because the CEO was not in place for two complete years.", ," $425,000 "," $90,000 ", $-   ," $106,900 ", $-   ," $58,010 "," $679,910 ",, n/a , n/a , n/a , n/a , n/a , n/a , $-   
First Northwest Bancorp,FNWB,06/14,Laurence Hueth,,President & CEO," $206,154 ", $-   ," $4,524 "," $210,678 ",n/a,," $206,154 ", $-   , $-   , $-   , $-   ," $4,524 "," $210,678 ",, n/a , n/a , n/a , n/a , n/a , n/a , n/a ,, $-   ," $24,324 ",,51,M,EXECUTIVE NAME: Mr. Hueth became CEO in December 2012.  CHANGE IN PAY: Not calculated because the CEO was not in place for two complete years., ," $206,154 ", $-   , $-   , $-   , $-   ," $4,524 "," $210,678 ",, n/a , n/a , n/a , n/a , n/a , n/a , n/a 
Flir Systems,FLIR,12/14,Andrew Teich,,President & CEO," $1,432,807 "," $2,573,680 "," $29,627 "," $4,036,114 ",n/a,," $726,692 ", $-   ," $706,115 "," $1,294,290 "," $1,279,390 "," $29,627 "," $4,036,114 ",, n/a , n/a , n/a , n/a , n/a , n/a , n/a ,," $3,314,369 "," $897,044 ",,54,M,"EXECUTIVE NAME: Mr. Teich became CEO on May 19, 2013.  CHANGE IN PAY: Not calculated because the CEO was not in place for two complete years.", ," $726,692 ", $-   ," $706,115 "," $860,241 "," $2,807,471 "," $29,627 "," $5,130,146 ",, n/a , n/a , n/a , n/a , n/a , n/a , $-   
FS Bancorp,FSBW,12/14,Joseph Adams,,CEO," $440,000 "," $697,673 "," $38,045 "," $1,175,718 ",167%,," $275,000 ", $-   ," $165,000 "," $516,918 "," $180,755 "," $38,045 "," $1,175,718 ",," $268,400 "," $135,000 ", $-   , $-   , $-   ," $36,634 "," $440,034 ",, $-   , $-   ,,55,M,, ," $275,000 ", $-   ," $165,000 ", $-   , $-   ," $38,045 "," $478,045 ",," $268,400 "," $135,000 ", $-   , $-   , $-   ," $36,634 "," $440,034 "
Galena Biopharma,GALE,12/14,Mark Schwartz,*,President & CEO," $707,105 "," $306,180 "," $1,477 "," $1,014,762 ",n/a,," $419,105 "," $288,000 ", $-   , $-   ," $306,180 "," $1,477 "," $1,014,762 ",, n/a , n/a , n/a , n/a , n/a , n/a , n/a ,, $-   , $-   ,,59,M,"EXECUTIVE NAME: Mr. Schwartz became CEO on August 21, 2014.  CHANGE IN PAY: Not calculated because the CEO was not in place for two complete years.", ," $419,105 "," $288,000 ", $-   , $-   , $-   ," $1,477 "," $708,582 ",, n/a , n/a , n/a , n/a , n/a , n/a , $-   
Hecla Mining,HL,12/14,"Phillips Baker, Jr.",,President & CEO," $2,908,538 "," $1,438,288 "," $15,600 "," $4,362,426 ",38%,," $605,000 ", $-   ," $2,303,538 "," $1,438,288 ", $-   ," $15,600 "," $4,362,426 ",," $575,208 ", $-   ," $1,497,375 "," $1,073,874 ", $-   ," $15,300 "," $3,161,757 ",," $3,531,964 ", $-   ,,55,M,, ," $605,000 ", $-   ," $2,303,538 "," $1,231,620 ", $-   ," $15,600 "," $4,155,758 ",," $575,208 ", $-   ," $1,497,375 ", $-   , $-   ," $15,300 "," $2,087,883 "
Heritage Financial,HFWA,12/14,Brian Vance,,President & CEO," $607,321 "," $243,479 "," $212,508 "," $1,063,308 ",31%,," $449,508 ", $-   ," $157,813 "," $243,479 ", $-   ," $212,508 "," $1,063,308 ",," $412,008 ", $-   ," $161,329 "," $126,697 ", $-   ," $113,047 "," $813,081 ",, $-   ," $456,883 ",,60,M,, ," $449,508 ", $-   ," $157,813 "," $193,689 ", $-   ," $212,508 "," $1,013,518 ",," $412,008 ", $-   ," $161,329 "," $93,262 ", $-   ," $113,047 "," $779,646 "
HomeStreet,HMST,12/14,Mark Mason,,"Vice Chairman, president & CEO"," $669,758 "," $300,073 "," $17,606 "," $987,437 ",28%,," $500,000 ", $-   ," $169,758 "," $300,073 ", $-   ," $17,606 "," $987,437 ",," $500,000 ", $-   ," $259,469 ", $-   , $-   ," $14,790 "," $774,259 ",, $-   , $-   ,,55,M,, ," $500,000 ", $-   ," $169,758 ", $-   , $-   ," $17,606 "," $687,364 ",," $500,000 ", $-   ," $259,469 ", $-   , $-   ," $14,790 "," $774,259 "
Idacorp,IDA,12/14,Darrel Anderson,*,President & CEO," $1,385,664 "," $719,231 "," $10,977 "," $2,115,872 ",n/a,," $572,116 ", $-   ," $813,548 "," $719,231 ", $-   ," $10,977 "," $2,115,872 ",, n/a , n/a , n/a , n/a , n/a , n/a , n/a ,," $6,557,872 "," $12,513 ",,57,M,"EXECUTIVE NAME: Mr. Anderson became CEO on May 1, 2014.  CHANGE IN PAY: Not calculated because the CEO was not in place for two complete years.", ," $572,116 ", $-   ," $813,548 "," $557,849 ", $-   ," $10,977 "," $1,954,490 ",, n/a , n/a , n/a , n/a , n/a , n/a , $-   
Immune Design,IMDZ,12/14,Carlos Paya,,President & CEO," $798,250 "," $530,752 "," $10,400 "," $1,339,402 ",-5%,," $515,000 "," $283,250 ", $-   , $-   ," $530,752 "," $10,400 "," $1,339,402 ",," $500,000 "," $218,250 ", $-   , $-   ," $676,171 "," $10,000 "," $1,404,421 ",, $-   , $-   ,,56,M,, ," $515,000 "," $283,250 ", $-   , $-   , $-   ," $10,400 "," $808,650 ",," $500,000 "," $218,250 ", $-   , $-   , $-   ," $10,000 "," $728,250 "
Intellicheck Mobilisa,IDN,12/14,William Roof,*,President & CEO," $77,803 "," $306,574 "," $3,787 "," $388,164 ",n/a,," $77,803 ", $-   , $-   , $-   ," $306,574 "," $3,787 "," $388,164 ",, n/a , n/a , n/a , n/a , n/a , n/a , n/a ,, $-   , $-   ,,61,M,"EXECUTIVE NAME: Mr. Roof became CEO on October 1, 2014.  CHANGE IN PAY: Not calculated because the CEO was not in place for two complete years.", ," $77,803 ", $-   , $-   , $-   , $-   ," $3,787 "," $81,590 ",, n/a , n/a , n/a , n/a , n/a , n/a , $-   
IsoRay,ISR,06/14,Dwight Babcock,,Chairman & CEO," $334,712 "," $116,095 ", $-   ," $450,807 ",59%,," $284,712 "," $50,000 ", $-   , $-   ," $116,095 ", $-   ," $450,807 ",," $284,394 ", $-   , $-   , $-   , $-   , $-   ," $284,394 ",, $-   , $-   ,,67,M,, ," $284,712 "," $50,000 ", $-   , $-   , $-   , $-   ," $334,712 ",," $284,394 ", $-   , $-   , $-   , $-   , $-   ," $284,394 "
Itron,ITRI,12/14,Philip Mezey,,President & CEO," $1,507,869 "," $2,310,714 "," $24,000 "," $3,842,583 ",22%,," $800,000 ", $-   ," $707,869 "," $1,510,723 "," $799,991 "," $24,000 "," $3,842,583 ",," $800,000 ", $-   , $-   ," $1,507,739 "," $799,997 "," $29,330 "," $3,137,066 ",, $-   ," $1,215,562 ",,55,M,, ," $800,000 ", $-   ," $707,869 "," $609,714 ", $-   ," $24,000 "," $2,141,583 ",," $800,000 ", $-   , $-   ," $459,544 ", $-   ," $29,330 "," $1,288,874 "
Jewett-Cameron Trading ,JCTCF,08/14,Donald Boone,,"Chairman, president & CEO"," $36,000 ", $-   ," $4,320 "," $40,320 ",-2%,," $36,000 ", $-   , $-   , $-   , $-   ," $4,320 "," $40,320 ",," $36,000 ", $-   , $-   , $-   , $-   ," $5,159 "," $41,159 ",, $-   , $-   ,,74,M,, ," $36,000 ", $-   , $-   , $-   , $-   ," $4,320 "," $40,320 ",," $36,000 ", $-   , $-   , $-   , $-   ," $5,159 "," $41,159 "
Juno Therapeutics,JUNO,12/14,Hans Bishop,,President & CEO," $875,000 "," $6,442,696 ", $-   ," $7,317,696 ",n/a,," $425,000 "," $246,000 "," $204,000 "," $2,156,250 "," $4,286,446 ", $-   ," $7,317,696 ",, n/a , n/a , n/a , n/a , n/a , n/a , n/a ,, $-   , $-   ,,51,M,EXECUTIVE NAME: Mr. Bishop became CEO in September 2013.  CHANGE IN PAY: Not calculated because the CEO was not in place for two complete years., ," $425,000 "," $246,000 "," $204,000 ", $-   , $-   , $-   ," $875,000 ",, n/a , n/a , n/a , n/a , n/a , n/a , $-   
Key Technology,KTEC,09/14,John Ehren,,President & CEO," $299,998 "," $99,001 "," $9,924 "," $408,923 ",-37%,," $299,998 ", $-   , $-   ," $99,001 ", $-   ," $9,924 "," $408,923 ",," $299,998 ", $-   ," $225,000 "," $99,002 ", $-   ," $23,091 "," $647,091 ",, $-   , $-   ,,54,M,, ," $299,998 ", $-   , $-   ," $47,389 ", $-   ," $9,924 "," $357,311 ",," $299,998 ", $-   ," $225,000 "," $240,470 ", $-   ," $23,091 "," $788,559 "
Key Tronic,KTCC,06/14,Craig Gates,,President & CEO," $1,194,687 "," $233,500 "," $10,200 "," $1,438,387 ",1%,," $504,637 ", $-   ," $690,050 ", $-   ," $233,500 "," $10,200 "," $1,438,387 ",," $469,272 ", $-   ," $752,694 ", $-   ," $185,500 "," $10,000 "," $1,417,466 ",, $-   , $-   ,,55,M,, ," $504,637 ", $-   ," $690,050 ", $-   , $-   ," $10,200 "," $1,204,887 ",," $469,272 ", $-   ," $752,694 "," $729,000 ", $-   ," $10,000 "," $1,960,966 "
Lattice Semiconductor,LSCC,12/14,Darin Billerbeck,,President & CEO," $1,151,089 "," $2,778,577 "," $5,565 "," $3,935,231 ",22%,," $481,587 ", $300 ," $669,202 "," $1,378,808 "," $1,399,769 "," $5,565 "," $3,935,231 ",," $470,250 ", $-   ," $756,382 "," $999,999 "," $986,736 "," $5,565 "," $3,218,932 ",, $-   , $-   ,,55,M,, ," $481,587 ", $300 ," $669,202 "," $2,468,266 "," $586,328 "," $5,565 "," $4,211,248 ",," $470,250 ", $-   ," $756,382 "," $447,453 ", $-   ," $5,565 "," $1,679,650 "
Lithia Motors,LAD,12/14,Bryan DeBoer,,President & CEO," $2,062,200 "," $749,377 "," $278,804 "," $3,090,381 ",-44%,," $840,000 ", $-   ," $1,222,200 "," $749,377 ", $-   ," $278,804 "," $3,090,381 ",," $800,000 ", $-   ," $1,158,000 "," $3,318,571 ", $-   ," $277,846 "," $5,554,417 ",, $-   ," $840,853 ",,48,M,, ," $840,000 ", $-   ," $1,222,200 "," $4,118,002 ", $-   ," $278,804 "," $6,459,006 ",," $800,000 ", $-   ," $1,158,000 "," $698,210 "," $3,449,930 "," $277,846 "," $6,383,986 "
Marchex,MCHX,12/14,Russell Horowitz,†,Chairman & CEO," $480,771 ", $-   , $-   ," $480,771 ",-67%,," $250,000 ", $-   ," $230,771 ", $-   , $-   , $-   ," $480,771 ",," $245,000 ", $-   ," $191,479 "," $655,125 "," $369,938 ", $-   ," $1,461,542 ",, $-   , $-   ,,48,M,"EXECUTIVE NAME: Mr. Horowitz left the CEO position on February 25, 2015.", ," $250,000 ", $-   ," $230,771 "," $973,147 ", $-   , $-   ," $1,453,918 ",," $245,000 ", $-   ," $191,479 "," $909,784 ", $-   , $-   ," $1,346,263 "
Mentor Graphics,MENT,01/14,Walden Rhines,,Chairman & CEO," $1,687,400 "," $3,499,958 "," $7,713 "," $5,195,071 ",17%,," $737,500 ", $-   ," $949,900 "," $3,499,958 ", $-   ," $7,713 "," $5,195,071 ",," $708,765 ", $-   ," $709,119 "," $1,499,990 "," $1,499,995 "," $7,581 "," $4,425,450 ",, $-   , $-   ,,67,M,, ," $737,500 ", $-   ," $949,900 "," $2,149,531 "," $6,094,699 "," $7,713 "," $9,939,343 ",," $708,765 ", $-   ," $709,119 "," $1,198,839 "," $2,528,147 "," $7,581 "," $5,152,451 "
Micron Technology,MU,08/14,Mark Durcan,,CEO," $3,452,943 "," $8,000,728 "," $25,437 "," $11,479,108 ",66%,," $1,005,289 ", $-   ," $2,447,654 "," $6,167,388 "," $1,833,340 "," $25,437 "," $11,479,108 ",," $900,000 ", $-   , $-   ," $3,746,600 "," $2,250,077 "," $13,641 "," $6,910,318 ",, $-   , $-   ,,53,M,, ," $1,005,289 ", $-   ," $2,447,654 "," $7,614,351 "," $23,332,090 "," $25,437 "," $34,424,821 ",," $900,000 ", $-   , $-   ," $9,900,718 ", $-   ," $13,641 "," $10,814,359 "
Microsoft,MSFT,06/14,Satya Nadella,*,CEO," $4,518,917 "," $79,777,109 "," $12,729 "," $84,308,755 ",n/a,," $918,917 "," $3,600,000 ", $-   ," $79,777,109 ", $-   ," $12,729 "," $84,308,755 ",, n/a , n/a , n/a , n/a , n/a , n/a , n/a ,, $-   ," $157,048 ",,47,M,"EXECUTIVE NAME: Mr. Nadella became CEO on February 4, 2014.  CHANGE IN PAY: Not calculated because the CEO was not in place for two complete years.", ," $918,917 "," $3,600,000 ", $-   ," $5,832,323 ", $-   ," $12,729 "," $10,363,969 ",, n/a , n/a , n/a , n/a , n/a , n/a , $-   
MicroVision,MVIS,12/14,Alexander Tokman,,President & CEO," $444,443 "," $253,907 ", $-   ," $698,350 ",-17%,," $359,443 "," $85,000 ", $-   ," $10,787 "," $243,120 ", $-   ," $698,350 ",," $359,443 ", $-   , $-   ," $138,501 "," $348,112 ", $-   ," $846,056 ",, $-   , $-   ,,53,M,, ," $359,443 "," $85,000 ", $-   , $-   , $-   , $-   ," $444,443 ",," $359,443 ", $-   , $-   , $-   , $-   , $-   ," $359,443 "
Mines Management,MGN,12/14,Glenn Dobbs,,CEO," $379,000 "," $116,000 ", $-   ," $495,000 ",9%,," $370,000 ", $-   ," $9,000 ", $-   ," $116,000 ", $-   ," $495,000 ",," $370,000 ", $-   ," $10,000 ", $-   ," $75,000 ", $-   ," $455,000 ",, $-   , $-   ,,72,M,, ," $370,000 ", $-   ," $9,000 ", $-   , $-   , $-   ," $379,000 ",," $370,000 ", $-   ," $10,000 ", $-   , $-   , $-   ," $380,000 "
NanoString Technologies,NSTG,12/14,Bradley Gray,,President & CEO," $684,804 "," $902,430 ", $-   ," $1,587,234 ",83%,," $441,750 ", $-   ," $243,054 ", $-   ," $902,430 ", $-   ," $1,587,234 ",," $384,214 ", $-   ," $228,000 ", $-   ," $252,986 ", $-   ," $865,200 ",, $-   , $-   ,,38,M,, ," $441,750 ", $-   ," $243,054 ", $-   , $-   , $-   ," $684,804 ",," $384,214 ", $-   ," $228,000 ", $-   , $-   , $-   ," $612,214 "
Nautilus,NLS,12/14,Bruce Cazenave,,CEO," $975,159 "," $439,805 "," $9,540 "," $1,424,504 ",39%,," $419,423 ", $-   ," $555,736 "," $213,958 "," $225,847 "," $9,540 "," $1,424,504 ",," $375,000 ", $-   ," $465,072 "," $76,130 "," $80,471 "," $24,922 "," $1,021,595 ",, $-   , $-   ,,60,M,, ," $419,423 ", $-   ," $555,736 "," $814,791 ", $-   ," $9,540 "," $1,799,490 ",," $375,000 ", $-   ," $465,072 "," $545,209 ", $-   ," $24,922 "," $1,410,203 "
Nike,NKE,05/14,Mark Parker,,President & CEO," $8,088,177 "," $5,951,198 "," $638,974 "," $14,678,349 ",-5%,," $1,550,000 ", $-   ," $6,538,177 "," $3,500,024 "," $2,451,174 "," $638,974 "," $14,678,349 ",," $1,609,615 ", $-   ," $5,522,466 "," $3,500,087 "," $4,199,250 "," $594,190 "," $15,425,608 ",, $-   ," $9,271,375 ",,58,M,, ," $1,550,000 ", $-   ," $6,538,177 "," $5,351,715 "," $12,007,500 "," $638,974 "," $26,086,366 ",," $1,609,615 ", $-   ," $5,522,466 "," $4,855,077 "," $1,628,425 "," $594,190 "," $14,209,773 "
Nordstrom,JWN,01/15,Blake Nordstrom,,President," $1,920,976 "," $1,812,633 "," $55,630 "," $3,789,239 ",10%,," $722,986 ", $-   ," $1,197,990 "," $906,152 "," $906,481 "," $55,630 "," $3,789,239 ",," $718,958 ", $-   ," $921,330 "," $438,099 "," $1,312,779 "," $43,526 "," $3,434,692 ",," $11,429,781 ", $-   ,,54,M,, ," $722,986 ", $-   ," $1,197,990 "," $401,601 "," $2,969,413 "," $55,630 "," $5,347,620 ",," $718,958 ", $-   ," $921,330 ", $-   ," $3,385,378 "," $43,526 "," $5,069,192 "
Northwest Natural Gas,NWN,12/14,Gregg Kantor,,President & CEO," $979,333 "," $865,265 "," $47,716 "," $1,892,314 ",0%,," $533,333 "," $126,040 "," $319,960 "," $865,265 ", $-   ," $47,716 "," $1,892,314 ",," $513,500 "," $135,663 "," $433,337 "," $781,945 ", $-   ," $31,605 "," $1,896,050 ",," $7,876,963 "," $1,485,377 ",,57,M,, ," $533,333 "," $126,040 "," $319,960 "," $314,225 ", $-   ," $47,716 "," $1,341,274 ",," $513,500 "," $135,663 "," $433,337 "," $253,548 ", $-   ," $31,605 "," $1,367,653 "
Northwest Pipe,NWPX,12/14,Scott Montross,,President & CEO," $500,000 "," $869,988 "," $24,860 "," $1,394,848 ",-13%,," $500,000 ", $-   , $-   ," $869,988 ", $-   ," $24,860 "," $1,394,848 ",," $500,000 ", $-   ," $112,970 "," $933,963 ", $-   ," $52,950 "," $1,599,883 ",, $-   ," $31,676 ",,50,M,, ," $500,000 ", $-   , $-   ," $550,397 ", $-   ," $24,860 "," $1,075,257 ",," $500,000 ", $-   ," $112,970 "," $285,151 ", $-   ," $52,950 "," $951,071 "
Omeros,OMER,12/14,Gregory Demopulos,,"Chairman, president & CEO"," $684,125 "," $3,236,715 "," $17,195 "," $3,938,035 ",22%,," $684,125 ", $-   , $-   , $-   ," $3,236,715 "," $17,195 "," $3,938,035 ",," $650,000 ", $-   , $-   , $-   ," $2,571,478 "," $14,881 "," $3,236,359 ",, $-   , $-   ,,56,M,, ," $684,125 ", $-   , $-   , $-   ," $697,870 "," $17,195 "," $1,399,190 ",," $650,000 ", $-   , $-   , $-   ," $103,100 "," $14,881 "," $767,981 "
OncoGenex Pharmaceuticals,OGXI,12/14,Scott Cormack,,President & CEO," $653,477 "," $1,065,641 ", $-   ," $1,719,118 ",8%,," $497,153 ", $-   ," $156,324 "," $655,320 "," $410,321 ", $-   ," $1,719,118 ",," $503,719 ", $-   ," $207,843 "," $552,986 "," $324,065 ", $-   ," $1,588,613 ",, $-   , $-   ,,49,M,, ," $497,153 ", $-   ," $156,324 "," $134,196 ", $-   , $-   ," $787,673 ",," $503,719 ", $-   ," $207,843 "," $63,057 ", $-   , $-   ," $774,619 "
Oncothyreon,ONTY,12/14,Robert Kirkman,,President & CEO," $652,500 "," $360,000 "," $12,455 "," $1,024,955 ",-26%,," $435,000 ", $-   ," $217,500 ", $-   ," $360,000 "," $12,455 "," $1,024,955 ",," $422,300 ", $-   ," $202,704 ", $-   ," $756,000 "," $13,161 "," $1,394,165 ",, $-   , $-   ,,66,M,, ," $435,000 ", $-   ," $217,500 ", $-   , $-   ," $12,455 "," $664,955 ",," $422,300 ", $-   ," $202,704 ", $-   , $-   ," $13,161 "," $638,165 "
Onvia,ONVI,12/14,Henry Riner,,President & CEO," $350,000 ", $-   ," $1,560 "," $351,560 ",-7%,," $350,000 ", $-   , $-   , $-   , $-   ," $1,560 "," $351,560 ",," $350,000 ", $-   , $-   , $-   ," $25,330 "," $1,500 "," $376,830 ",, $-   , $-   ,,64,M,, ," $350,000 ", $-   , $-   , $-   , $-   ," $1,560 "," $351,560 ",," $350,000 ", $-   , $-   , $-   , $-   ," $1,500 "," $351,500 "
Outerwall,OUTR,12/14,Scott Di Valerio,†,CEO," $833,322 "," $2,449,944 "," $8,375 "," $3,291,641 ",n/a,," $772,183 ", $-   ," $61,139 "," $2,449,944 ", $-   ," $8,375 "," $3,291,641 ",, n/a , n/a , n/a , n/a , n/a , n/a , n/a ,, $-   , $-   ,,52,M,"EXECUTIVE NAME: Mr. Di Valerio became CEO on April 1, 2013 and left the CEO position on January 18, 2015.  CHANGE IN PAY: Not calculated because the CEO was not in place for two complete years.  STOCK AWARDS: Fiscal year 2014 excludes incremental fair value of $392,655 resulting from the modification of a performance stock award granted in fiscal year 2013.", ," $772,183 ", $-   ," $61,139 "," $826,515 "," $526,691 "," $8,375 "," $2,194,903 ",, n/a , n/a , n/a , n/a , n/a , n/a , $-   
Paccar,PCAR,12/14,Ronald Armstrong,*,CEO," $2,612,185 "," $1,131,224 "," $13,000 "," $3,756,409 ",n/a,," $972,115 ", $-   ," $1,640,070 "," $678,214 "," $453,010 "," $13,000 "," $3,756,409 ",, n/a , n/a , n/a , n/a , n/a , n/a , n/a ,," $6,583,394 ", $-   ,,60,M,"EXECUTIVE NAME: Mr. Armstrong became CEO on April 27, 2014.  CHANGE IN PAY: Not calculated because the CEO was not in place for two complete years.", ," $972,115 ", $-   ," $1,640,070 "," $515,145 "," $347,087 "," $13,000 "," $3,487,417 ",, n/a , n/a , n/a , n/a , n/a , n/a , $-   
Pacific Continental,PCBK,12/14,Hal Brown,†,CEO," $478,412 "," $130,810 "," $30,579 "," $639,801 ",6%,," $381,970 ", $-   ," $96,442 "," $130,810 ", $-   ," $30,579 "," $639,801 ",," $371,436 ", $-   ," $84,555 "," $130,951 ", $-   ," $17,855 "," $604,797 ",, $-   , $-   ,,61,M,"EXECUTIVE NAME: Mr. Brown left the CEO position on December 31, 2014.", ," $381,970 ", $-   ," $96,442 "," $139,316 ", $-   ," $30,579 "," $648,307 ",," $371,436 ", $-   ," $84,555 "," $77,880 ", $-   ," $17,855 "," $551,726 "
Papa Murphy's Holdings,FRSH,12/14,Ken Calwell,,President & CEO," $699,386 "," $830,653 "," $21,626 "," $1,551,665 ",159%,," $500,000 "," $199,386 ", $-   , $-   ," $830,653 "," $21,626 "," $1,551,665 ",," $500,000 "," $76,268 ", $-   , $-   , $-   ," $21,850 "," $598,118 ",, $-   , $-   ,,52,M,, ," $500,000 "," $199,386 ", $-   , $-   , $-   ," $21,626 "," $721,012 ",," $500,000 "," $76,268 ", $-   , $-   , $-   ," $21,850 "," $598,118 "
Pendrell,PCO,12/14,Lee Mikles,* **,President & interim CEO, $-   ," $107,909 "," $48,066 "," $155,975 ",n/a,, $-   , $-   , $-   , $-   ," $107,909 "," $48,066 "," $155,975 ",, n/a , n/a , n/a , n/a , n/a , n/a , n/a ,, $-   , $-   ,,59,M,"EXECUTIVE NAME: Mr. Mikles became Interim CEO on November 19, 2014.  CHANGE IN PAY: Not calculated because the CEO was not in place for two complete years.", , $-   , $-   , $-   , $-   , $-   ," $48,066 "," $48,066 ",, n/a , n/a , n/a , n/a , n/a , n/a , $-   
Pixelworks,PXLW,12/14,Bruce Walicek,,President & CEO," $447,174 "," $797,000 ", $-   ," $1,244,174 ",18%,," $375,000 "," $72,174 ", $-   ," $797,000 ", $-   , $-   ," $1,244,174 ",," $334,519 ", $-   , $-   ," $724,350 ", $-   , $-   ," $1,058,869 ",, $-   , $-   ,,58,M,, ," $375,000 "," $72,174 ", $-   ," $663,938 ", $-   , $-   ," $1,111,112 ",," $334,519 ", $-   , $-   ," $50,700 ", $-   , $-   ," $385,219 "
Planar Systems,PLNR,09/14,Gerald Perkel,,President & CEO," $1,139,706 "," $594,500 "," $26,910 "," $1,761,116 ",50%,," $495,000 ", $-   ," $644,706 "," $594,500 ", $-   ," $26,910 "," $1,761,116 ",," $482,023 ", $-   ," $218,112 "," $441,600 ", $-   ," $33,569 "," $1,175,304 ",, $-   , $-   ,,59,M,, ," $495,000 ", $-   ," $644,706 ", $-   , $-   ," $26,910 "," $1,166,616 ",," $482,023 ", $-   ," $218,112 ", $-   , $-   ," $33,569 "," $733,704 "
Plum Creek Timber,PCL,12/14,Rick Holley,,CEO," $2,194,776 "," $5,042,000 "," $108,483 "," $7,345,259 ",-10%,," $978,500 ", $-   ," $1,216,276 "," $5,042,000 ", $-   ," $108,483 "," $7,345,259 ",," $950,000 "," $135,850 "," $1,159,950 "," $5,879,220 ", $-   ," $36,237 "," $8,161,257 ",," $19,719,227 ", $-   ,,63,M,, ," $978,500 ", $-   ," $1,216,276 "," $1,175,663 ", $-   ," $108,483 "," $3,478,922 ",," $950,000 "," $135,850 "," $1,159,950 "," $1,609,448 "," $1,466,116 "," $36,237 "," $5,357,601 "
Pope Resources,POPE,12/14,Thomas Ringo,*,President & CEO," $405,605 "," $83,903 "," $23,900 "," $513,408 ",n/a,," $225,605 ", $-   ," $180,000 "," $83,903 ", $-   ," $23,900 "," $513,408 ",, n/a , n/a , n/a , n/a , n/a , n/a , n/a ,, $-   , $-   ,,61,M,"EXECUTIVE NAME: Mr. Ringo became CEO on May 31, 2014.  CHANGE IN PAY: Not calculated because the CEO was not in place for two complete years.", ," $225,605 ", $-   ," $180,000 "," $133,711 ", $-   ," $23,900 "," $563,216 ",, n/a , n/a , n/a , n/a , n/a , n/a , $-   
Portland General Electric,POR,12/14,James Piro,,President & CEO," $1,519,650 "," $1,255,429 "," $108,421 "," $2,883,500 ",25%,," $789,028 ", $-   ," $730,622 "," $1,255,429 ", $-   ," $108,421 "," $2,883,500 ",," $744,450 ", $-   ," $366,588 "," $1,075,477 ", $-   ," $126,015 "," $2,312,530 ",," $1,482,337 "," $4,331,607 ",,62,M,, ," $789,028 ", $-   ," $730,622 "," $958,261 ", $-   ," $108,421 "," $2,586,332 ",," $744,450 ", $-   ," $366,588 "," $1,095,560 ", $-   ," $126,015 "," $2,332,613 "
Potlatch,PCH,12/14,Michael Covey,,Chairman & CEO," $1,545,577 "," $1,724,460 "," $74,535 "," $3,344,572 ",-20%,," $770,577 ", $-   ," $775,000 "," $1,724,460 ", $-   ," $74,535 "," $3,344,572 ",," $744,889 ", $-   ," $1,000,000 "," $2,338,555 ", $-   ," $73,479 "," $4,156,923 ",," $3,910,243 "," $4,677,862 ",,57,M,, ," $770,577 ", $-   ," $775,000 "," $1,497,440 ", $-   ," $74,535 "," $3,117,552 ",," $744,889 ", $-   ," $1,000,000 "," $1,029,714 ", $-   ," $73,479 "," $2,848,082 "
Precision Castparts,PCP,03/14,Mark Donegan,,Chairman & CEO," $3,796,571 "," $5,662,150 "," $241,155 "," $9,699,876 ",21%,," $1,530,000 "," $200,000 "," $2,066,571 ", $-   ," $5,662,150 "," $241,155 "," $9,699,876 ",," $1,530,000 "," $455,787 "," $1,537,803 ", $-   ," $4,152,100 "," $347,013 "," $8,022,703 ",," $21,594,726 ", $-   ,,57,M,, ," $1,530,000 "," $200,000 "," $2,066,571 ", $-   , $-   ," $241,155 "," $4,037,726 ",," $1,530,000 "," $455,787 "," $1,537,803 ", $-   ," $18,073,917 "," $347,013 "," $21,944,520 "
Radiant Logistics,RLGT,06/14,Bohn Crain,,Chairman & CEO," $428,588 "," $37,594 "," $112,008 "," $578,190 ",-5%,," $325,000 ", $-   ," $103,588 ", $-   ," $37,594 "," $112,008 "," $578,190 ",," $325,000 ", $-   ," $83,003 "," $12,353 "," $29,704 "," $159,308 "," $609,368 ",, $-   , $-   ,,50,M,, ," $325,000 ", $-   ," $103,588 ", $-   , $-   ," $112,008 "," $540,596 ",," $325,000 ", $-   ," $83,003 ", $-   , $-   ," $159,308 "," $567,311 "
RadiSys,RSYS,12/14,Brian Bronson,,President & CEO," $500,000 "," $185,704 "," $5,991 "," $691,695 ",-57%,," $500,000 ", $-   , $-   , $-   ," $185,704 "," $5,991 "," $691,695 ",," $482,288 ", $-   ," $56,418 ", $-   ," $1,059,581 "," $8,730 "," $1,607,017 ",, $-   , $-   ,,43,M,, ," $500,000 ", $-   , $-   ," $340,493 ", $-   ," $5,991 "," $846,484 ",," $482,288 ", $-   ," $56,418 "," $217,304 ", $-   ," $8,730 "," $764,740 "
RealNetworks,RNWK,12/14,Rob Glaser,,Chairman & CEO," $450,000 "," $2,145,994 "," $44,899 "," $2,640,893 ",0%,," $450,000 ", $-   , $-   ," $749,998 "," $1,395,996 "," $44,899 "," $2,640,893 ",," $450,000 "," $244,492 ", $-   , $-   ," $1,938,850 "," $14,302 "," $2,647,644 ",, $-   , $-   ,,53,M,, ," $450,000 ", $-   , $-   , $-   , $-   ," $44,899 "," $494,899 ",," $450,000 "," $244,492 ", $-   , $-   , $-   ," $14,302 "," $708,794 "
Red Lion Hotels,RLH,12/14,Gregory Mount,*,President & CEO," $460,545 "," $271,243 "," $154,578 "," $886,366 ",n/a,," $298,045 "," $162,500 ", $-   ," $271,243 ", $-   ," $154,578 "," $886,366 ",, n/a , n/a , n/a , n/a , n/a , n/a , n/a ,, $-   , $-   ,,54,M,"EXECUTIVE NAME: Mr. Mount became CEO on January 27, 2014.  CHANGE IN PAY: Not calculated because the CEO was not in place for two complete years.", ," $298,045 "," $162,500 ", $-   , $-   , $-   ," $154,578 "," $615,123 ",, n/a , n/a , n/a , n/a , n/a , n/a , n/a 
Rentrack,RENT,03/14,William Livek,,Vice Chairman & CEO," $619,615 ", $-   ," $85,928 "," $705,543 ",39%,," $219,615 "," $200,000 "," $200,000 ", $-   , $-   ," $85,928 "," $705,543 ",," $199,650 "," $125,000 "," $100,000 ", $-   , $-   ," $82,409 "," $507,059 ",, $-   , $-   ,,60,M,, ," $219,615 "," $200,000 "," $200,000 "," $2,850,930 ", $-   ," $85,928 "," $3,556,473 ",," $199,650 "," $125,000 "," $100,000 ", $-   , $-   ," $82,409 "," $507,059 "
Rightside Group,NAME,12/14,Taryn Naidu,,CEO," $356,083 "," $2,363,942 "," $13,297 "," $2,733,322 ",n/a,," $309,583 ", $-   ," $46,500 "," $2,363,942 ", $-   ," $13,297 "," $2,733,322 ",, n/a , n/a , n/a , n/a , n/a , n/a , n/a ,, $-   , $-   ,,37,M,"EXECUTIVE NAME: Mr. Naidu became CEO on August 1, 2014.  CHANGE IN PAY: Not calculated because the CEO was not in place for two complete years.", ," $309,583 ", $-   ," $46,500 ", $-   , $-   ," $13,297 "," $369,380 ",, n/a , n/a , n/a , n/a , n/a , n/a , $-   
Riverview Bancorp,RVSB,03/14,Patrick Sheaffer,,Chairman & CEO," $237,110 "," $7,080 "," $35,885 "," $280,075 ",2%,," $237,110 ", $-   , $-   , $-   ," $7,080 "," $35,885 "," $280,075 ",," $242,518 ", $-   , $-   , $-   , $-   ," $31,843 "," $274,361 ",, $-   , $-   ,,74,M,, ," $237,110 ", $-   , $-   , $-   , $-   ," $35,885 "," $272,995 ",," $242,518 ", $-   , $-   , $-   , $-   ," $31,843 "," $274,361 "
Schmitt Industries,SMIT,05/14,James Fitzhenry,,President & CEO," $200,001 "," $26,964 ", $-   ," $226,965 ",19%,," $200,001 ", $-   , $-   , $-   ," $26,964 ", $-   ," $226,965 ",," $190,974 ", $-   , $-   , $-   , $-   , $-   ," $190,974 ",, $-   , $-   ,,59,M,"EXECUTIVE NAME: Mr. Fitzhenry became CEO on October 5, 2012.  CHANGE IN PAY: Not calculated because the CEO was not in place for two complete years.", ," $200,001 ", $-   , $-   , $-   , $-   , $-   ," $200,001 ",," $190,974 ", $-   , $-   , $-   , $-   , $-   ," $190,974 "
Schnitzer Steel ,SCHN,08/14,Tamara Lundgren,,President & CEO," $2,740,000 "," $3,499,992 "," $30,192 "," $6,270,184 ",35%,," $1,000,000 ", $-   ," $1,740,000 "," $3,499,992 ", $-   ," $30,192 "," $6,270,184 ",," $1,000,000 ", $-   ," $615,000 "," $2,999,966 ", $-   ," $29,415 "," $4,644,381 ",," $740,992 ", $-   ,,57,F,, ," $1,000,000 ", $-   ," $1,740,000 "," $1,233,725 ", $-   ," $30,192 "," $4,003,917 ",," $1,000,000 ", $-   ," $615,000 "," $2,085,973 ", $-   ," $29,415 "," $3,730,388 "
Seattle Genetics,SGEN,12/14,Clay Siegall,,"Chairman, president & CEO"," $1,406,050 "," $5,448,882 "," $8,280 "," $6,863,212 ",9%,," $759,250 ", $-   ," $646,800 "," $2,645,400 "," $2,803,482 "," $8,280 "," $6,863,212 ",," $722,917 "," $1,500 "," $652,000 "," $2,257,200 "," $2,644,713 "," $8,130 "," $6,286,460 ",, $-   , $-   ,,54,M,, ," $759,250 ", $-   ," $646,800 "," $2,571,600 "," $2,164,730 "," $8,280 "," $6,150,660 ",," $722,917 "," $1,500 "," $652,000 "," $744,342 "," $1,475,110 "," $8,130 "," $3,603,999 "
Semler Scientific,SMLR,12/14,Douglas Murphy-Chutorian, ,CEO," $192,000 "," $117,069 "," $155,006 "," $464,075 ",46%,," $192,000 ", $-   , $-   , $-   ," $117,069 "," $155,006 "," $464,075 ",," $32,000 ", $-   , $-   , $-   , $-   ," $286,305 "," $318,305 ",, $-   , $-   ,,60,M,, ," $192,000 ", $-   , $-   , $-   , $-   ," $155,006 "," $347,006 ",," $32,000 ", $-   , $-   , $-   , $-   ," $286,305 "," $318,305 "
Sound Financial Bancorp,SFBC,12/14,Laura Stewart,,President & CEO," $419,212 "," $354,198 "," $36,121 "," $809,531 ",80%,," $318,069 ", $-   ," $101,143 "," $178,164 "," $176,034 "," $36,121 "," $809,531 ",," $306,425 ", $-   ," $109,520 ", $-   , $-   ," $32,944 "," $448,889 ",, $-   , $-   ,,65,F,STOCK AWARDS: Valued by Equilar using the Company's closing stock price on the date of grant.  OPTION AWARDS: Valued by Equilar using the Black-Scholes model and the company's FAS 123 assumptions., ," $318,069 ", $-   ," $101,143 ", $-   , $-   ," $36,121 "," $455,333 ",," $306,425 ", $-   ," $109,520 ", $-   , $-   ," $32,944 "," $448,889 "
StanCorp Financial Group,SFG,12/14,Greg Ness,,"Chairman, president & CEO"," $2,593,846 "," $2,383,016 "," $71,310 "," $5,048,172 ",-12%,," $944,231 "," $413,101 "," $1,236,514 "," $1,707,530 "," $675,486 "," $71,310 "," $5,048,172 ",," $925,000 "," $404,687 "," $1,814,619 "," $1,395,332 "," $1,098,137 "," $68,680 "," $5,706,455 ",," $18,525,107 "," $920,510 ",,57,M,, ," $944,231 "," $413,101 "," $1,236,514 "," $2,024,683 ", $-   ," $71,310 "," $4,689,839 ",," $925,000 "," $404,687 "," $1,814,619 "," $418,435 "," $882,033 "," $68,680 "," $4,513,454 "
Starbucks,SBUX,09/14,Howard Schultz,,"Chairman, president & CEO"," $4,426,875 "," $16,537,503 "," $502,076 "," $21,466,454 ",24%,," $1,500,000 ", $-   ," $2,926,875 "," $6,294,559 "," $10,242,944 "," $502,076 "," $21,466,454 ",," $1,500,000 ", $-   ," $2,250,000 "," $5,999,987 "," $7,276,587 "," $215,933 "," $17,242,507 ",, $-   ," $671,972 ",,61,M,, ," $1,500,000 ", $-   ," $2,926,875 "," $17,550,352 "," $40,118,494 "," $502,076 "," $62,597,797 ",," $1,500,000 ", $-   ," $2,250,000 "," $18,072,697 "," $127,815,338 "," $215,933 "," $149,853,968 "
Symetra Financial,SYA,12/14,Thomas Marra,,President & CEO," $3,194,691 "," $1,499,980 "," $97,415 "," $4,792,086 ",15%,," $525,000 ", $-   ," $2,669,691 "," $1,499,980 ", $-   ," $97,415 "," $4,792,086 ",," $525,000 ", $-   ," $2,041,538 "," $1,499,998 ", $-   ," $101,018 "," $4,167,554 ",, $-   , $-   ,,56,M,, ," $525,000 ", $-   ," $2,669,691 "," $3,488,894 ", $-   ," $97,415 "," $6,781,000 ",," $525,000 ", $-   ," $2,041,538 "," $2,060,857 ", $-   ," $101,018 "," $4,728,413 "
Tableau Software,DATA,12/14,Christian Chabot,,Chairman & CEO," $375,000 ", $-   ," $153,355 "," $528,355 ",-19%,," $375,000 ", $-   , $-   , $-   , $-   ," $153,355 "," $528,355 ",," $300,000 ", $-   , $-   ," $319,000 ", $-   ," $30,718 "," $649,718 ",, $-   , $-   ,,43,M,, ," $375,000 ", $-   , $-   ," $106,038 ", $-   ," $153,355 "," $634,393 ",," $300,000 ", $-   , $-   , $-   , $-   ," $30,718 "," $330,718 "
Greenbrier Cos. ,GBX,08/14,William Furman,,"Chairman, president & CEO"," $2,736,800 "," $2,078,968 "," $484,695 "," $5,300,463 ",37%,," $829,333 ", $-   ," $1,907,467 "," $2,078,968 ", $-   ," $484,695 "," $5,300,463 ",," $775,333 ", $-   ," $866,435 "," $1,794,679 ", $-   ," $435,760 "," $3,872,207 ",, $-   , $-   ,,70,M,, ," $829,333 ", $-   ," $1,907,467 "," $3,276,774 ", $-   ," $484,695 "," $6,498,269 ",," $775,333 ", $-   ," $866,435 "," $1,299,725 ", $-   ," $435,760 "," $3,377,253 "
Timberland Bancorp,TSBK,09/14,Michael Sand,,President & CEO," $288,717 "," $50,400 "," $19,408 "," $358,525 ",28%,," $259,000 "," $29,717 ", $-   , $-   ," $50,400 "," $19,408 "," $358,525 ",," $237,000 "," $24,380 ", $-   , $-   , $-   ," $17,745 "," $279,125 ",, $-   , $-   ,,60,M,, ," $259,000 "," $29,717 ", $-   , $-   , $-   ," $19,408 "," $308,125 ",," $237,000 "," $24,380 ", $-   , $-   , $-   ," $17,745 "," $279,125 "
Timberline Resources,TLR,09/14,Paul Dircksen,†,President & CEO," $220,500 ", $-   ," $68,434 "," $288,934 ",31%,," $220,500 ", $-   , $-   , $-   , $-   ," $68,434 "," $288,934 ",," $220,500 ", $-   , $-   , $-   , $-   , $-   ," $220,500 ",, $-   , $-   ,,69,M,"EXECUTIVE NAME: Mr. Dircksen left the CEO position on December 31, 2014.", ," $220,500 ", $-   , $-   , $-   , $-   ," $68,434 "," $288,934 ",," $220,500 ", $-   , $-   , $-   , $-   , $-   ," $220,500 "
T-Mobile US,TMUS,12/14,John Legere,,President & CEO," $7,908,333 "," $10,658,668 ", $-   ," $18,567,001 ",-37%,," $1,250,000 ", $-   ," $6,658,333 "," $10,658,668 ", $-   , $-   ," $18,567,001 ",," $1,250,000 "," $525,000 "," $4,833,333 "," $22,500,050 ", $-   ," $137,325 "," $29,245,708 ",, $-   , $-   ,,56,M,"EXECUTIVE NAME: Mr. Legere became CEO on April 30, 2013.  CHANGE IN PAY: Not calculated because the CEO was not in place for two complete years.", ," $1,250,000 ", $-   ," $6,658,333 ", $-   , $-   , $-   ," $7,908,333 ",," $1,250,000 "," $525,000 "," $4,833,333 ", $-   , $-   ," $137,325 "," $6,745,658 "
TrueBlue,TBI,12/14,Steven Cooper,,President & CEO," $1,590,578 "," $1,464,246 "," $1,376 "," $3,056,200 ",25%,," $648,078 ", $-   ," $942,500 "," $1,464,246 ", $-   ," $1,376 "," $3,056,200 ",," $600,001 ", $-   ," $648,000 "," $1,189,544 ", $-   , $-   ," $2,437,545 ",, $-   , $-   ,,52,M,, ," $648,078 ", $-   ," $942,500 "," $1,819,311 ", $-   ," $1,376 "," $3,411,265 ",," $600,001 ", $-   ," $648,000 "," $1,149,662 "," $1,448,860 ", $-   ," $3,846,523 "
Trupanion,TRUP,12/14,Darryl Rawlings,,President & CEO," $482,550 ", $-   , $-   ," $482,550 ",-88%,," $300,000 ", $-   ," $182,550 ", $-   , $-   , $-   ," $482,550 ",," $320,960 ", $-   ," $203,119 "," $3,345,020 ", $-   , $-   ," $3,869,099 ",, $-   , $-   ,,46,M,, ," $300,000 ", $-   ," $182,550 ", $-   , $-   , $-   ," $482,550 ",," $320,960 ", $-   ," $203,119 ", $-   , $-   , $-   ," $524,079 "
U.S. Geothermal,HTM,12/14,Dennis Gilles,,CEO," $549,500 "," $384,500 "," $108,406 "," $1,042,406 ",n/a,," $399,500 "," $150,000 ", $-   ," $240,500 "," $144,000 "," $108,406 "," $1,042,406 ",, n/a , n/a , n/a , n/a , n/a , n/a , n/a ,, $-   , $-   ,,56,M,"EXECUTIVE NAME: Mr. Gilles became CEO on April 19, 2013.  CHANGE IN PAY: Not calculated because the CEO was not in place for two complete years.  STOCK AWARDS: Valued by Equilar using the Company's closing stock price on the date of grant.  OPTION AWARDS: Valued by Equilar using the Black-Scholes model and the Company's FAS 123 assumptions.", ," $399,500 "," $150,000 ", $-   , $-   , $-   ," $108,406 "," $657,906 ",, n/a , n/a , n/a , n/a , n/a , n/a , $-   
Umpqua Holdings,UMPQ,12/14,Raymond Davis,,President & CEO," $1,860,625 "," $1,702,301 "," $55,760 "," $3,618,686 ",54%,," $910,625 ", $-   ," $950,000 "," $1,702,301 ", $-   ," $55,760 "," $3,618,686 ",," $815,000 ", $-   ," $684,600 "," $691,200 ", $-   ," $156,371 "," $2,347,171 ",," $8,694,261 ", $-   ,,65,M,, ," $910,625 ", $-   ," $950,000 "," $1,972,972 ", $-   ," $55,760 "," $3,889,357 ",," $815,000 ", $-   ," $684,600 "," $58,888 "," $1,140,000 "," $156,371 "," $2,854,859 "
US Ecology,ECOL,12/14,Jeffrey Feeler,,President & CEO," $769,856 ", $-   ," $17,236 "," $787,092 ",n/a,," $381,250 "," $30,000 "," $358,606 ", $-   , $-   ," $17,236 "," $787,092 ",, n/a , n/a , n/a , n/a , n/a , n/a , n/a ,, $-   , $-   ,,45,M,"EXECUTIVE NAME: Mr. Feeler became CEO on May 30, 2013.  CHANGE IN PAY: Not calculated because the CEO was not in place for two complete years.", ," $381,250 "," $30,000 "," $358,606 "," $181,236 "," $501,978 "," $17,236 "," $1,470,306 ",, n/a , n/a , n/a , n/a , n/a , n/a , $-   
Washington Federal,WAFD,09/14,Roy Whitehead,,"Chairman, president & CEO"," $1,584,719 "," $1,743,000 "," $87,105 "," $3,414,824 ",16%,," $750,000 ", $-   ," $834,719 "," $1,743,000 ", $-   ," $87,105 "," $3,414,824 ",," $750,000 ", $-   ," $1,125,000 "," $978,000 ", $-   ," $84,068 "," $2,937,068 ",, $-   , $-   ,,62,M,, ," $750,000 ", $-   ," $834,719 "," $1,109,454 "," $71,147 "," $87,105 "," $2,852,425 ",," $750,000 ", $-   ," $1,125,000 "," $389,753 ", $-   ," $84,068 "," $2,348,821 "
Weyerhaeuser,WY,12/14,Doyle Simons,,President & CEO," $2,662,000 "," $5,278,229 "," $55,102 "," $7,995,331 ",n/a,," $950,000 ", $-   ," $1,712,000 "," $3,957,023 "," $1,321,206 "," $55,102 "," $7,995,331 ",, n/a , n/a , n/a , n/a , n/a , n/a , n/a ,," $190,119 ", $-   ,,51,M,"EXECUTIVE NAME: Mr. Simons became CEO on August 1, 2013.  CHANGE IN PAY: Not calculated because the CEO was not in place for two complete years.", ," $950,000 ", $-   ," $1,712,000 "," $166,243 ", $-   ," $55,102 "," $2,883,345 ",, n/a , n/a , n/a , n/a , n/a , n/a , $-   
Willamette Valley Vineyards,WVVI,12/14,James Bernau,,"Chairman, president & CEO"," $378,527 ", $-   ," $45,334 "," $423,861 ",5%,," $252,351 "," $126,176 ", $-   , $-   , $-   ," $45,334 "," $423,861 ",," $251,622 "," $124,311 ", $-   , $-   , $-   ," $26,533 "," $402,466 ",, $-   , $-   ,,61,M,, ," $252,351 "," $126,176 ", $-   , $-   , $-   ," $45,334 "," $423,861 ",," $251,622 "," $124,311 ", $-   , $-   , $-   ," $26,533 "," $402,466 "
Zillow Group,Z,12/14,Spencer Rascoff,,CEO," $512,553 ", $-   , $-   ," $512,553 ",-95%,," $512,553 ", $-   , $-   , $-   , $-   , $-   ," $512,553 ",," $473,570 ", $-   , $-   , $-   ," $10,113,600 ", $-   ," $10,587,170 ",, $-   , $-   ,,39,M,, ," $512,553 ", $-   , $-   , $-   ," $28,758,767 ", $-   ," $29,271,320 ",," $473,570 ", $-   , $-   , $-   ," $19,206,138 ", $-   ," $19,679,708 "
Zulily,ZU,12/14,Darrell Cavens,,President & CEO," $324,349 ", $-   , $-   ," $324,349 ",-99%,," $249,349 "," $75,000 ", $-   , $-   , $-   , $-   ," $324,349 ",," $249,349 ", $-   ," $100,000 ", $-   ," $26,960,886 ", $-   ," $27,310,235 ",, $-   , $-   ,,42,M,, ," $249,349 "," $75,000 ", $-   , $-   , $-   , $-   ," $324,349 ",," $249,349 ", $-   ," $100,000 ", $-   , $-   , $-   ," $349,349 "
Zumiez,ZUMZ,01/15,Richard Brooks,,CEO," $1,004,250 ", $-   ," $11,768 "," $1,016,018 ",19%,," $669,250 ", $-   ," $335,000 ", $-   , $-   ," $11,768 "," $1,016,018 ",," $649,769 ", $-   ," $195,150 ", $-   , $-   ," $10,823 "," $855,742 ",, $-   , $-   ,,55,M,, ," $669,250 ", $-   ," $335,000 ", $-   , $-   ," $11,768 "," $1,016,018 ",," $649,769 ", $-   ," $195,150 ", $-   , $-   ," $10,823 "," $855,742 "
,,,,,,,,,,,,,,,,,,,,,,,,,,,,,,,,,,,,,,,,,,,,,,,,,
,,,,,2014 MEDIAN," $707,105 "," $719,231 "," $19,995 "," $1,597,292 ",,,,,,,,,,,,,,,,,,,,,,,,,,,,,,,,,,,,,,,,
Symbols:,,,,,CHANGE,,,,-1.0%,,,,,,,,,,,,,,,,,,,,,,,,,,,,,,,,,,,,,,,,
New CEO,,*     ,,,,,,,,,,,,,,,,,,,,,,,,,,,,,,,,,,,,,,,,,,,,,,,
Former CEO (or planning to leave),,†,,,2014 AVERAGE," $1,234,818 "," $2,270,573 "," $87,499 "," $3,592,889 ",,,,,,,,,,,,,,,,,,,,,,,,,,,,,,,,,,,,,,,,
Interim CEO,,**,,,CHANGE,,,,-7.2%,,,,,,,,,,,,,,,,,,,,,,,,,,,,,,,,,,,,,,,,
Co-CEO,,§,,,,,,,,,,,,,,,,,,,,,,,,,,,,,,,,,,,,,,,,,,,,,,,
,,,,,,,,,,,,,,,,,,,,,,,,,,,,,,,,,,,,,,,,,,,,,,,,,
,,,,,,,,,,,,,,,,,,,,,,,,,,,,,,,,,,,,,,,,,,,,,,,,,
No Data Available,,,,,,,,,,,,,,,,,,,,,,,,,,,,,,,,,,,,,,,,,,,,,,,,,
Great Ajax,,,,,,,,,,,,,,,,,,,,,,,,,,,,,,,,,,,,,,,,,,,,,,,,,
,,,,,,,,,,,,,,,,,,,,,,,,,,,,,,,,,,,,,,,,,,,,,,,,,
,,,,,,,,,,,,,,,,,,,,,,,,,,,,,,,,,,,,,,,,,,,,,,,,,
"Source:  Equilar, Inc. (www.equilar.com)",,,,,,,,,,,,,,,,,,,,,,,,,,,,,,,,,,,,,,,,,,,,,,,,,
,,,,,,,,,,,,,,,,,,,,,,,,,,,,,,,,,,,,,,,,,,,,,,,,,
,,,,,,,,,,,,,,,,,,,,,,,,,,,,,,,,,,,,,,,,,,,,,,,,,
,,,,,,,,,,,,,,,,,,,,,,,,,,,,,,,,,,,,,,,,,,,,,,,,,
,,,,,,,,,,,,,,,,,,,,,,,,,,,,,,,,,,,,,,,,,,,,,,,,,
